                  epoch,         train/box_loss,         train/cls_loss,         train/dfl_loss,   metrics/precision(B),      metrics/recall(B),       metrics/mAP50(B),    metrics/mAP50-95(B),           val/box_loss,           val/cls_loss,           val/dfl_loss,                 lr/pg0,                 lr/pg1,                 lr/pg2
                      1,                 1.4293,                 3.2461,                 1.6498,                0.00041,                    0.5,                0.00068,                0.00016,                 3.0014,                 5.0477,                 3.6743,              0.0001667,              0.0001667,              0.0001667
                      2,                0.84748,                 1.4644,                 1.1238,                0.49046,                0.92504,                0.56827,                0.41545,                 1.1699,                 2.0521,                 1.5554,             0.00028076,             0.00028076,             0.00028076
                      3,                0.81105,                  1.195,                  1.106,                0.51413,                      1,                0.61916,                0.48874,                 0.8347,                 1.5617,                 1.2739,              0.0003222,              0.0003222,              0.0003222
                      4,                0.70205,                 1.0868,                 1.0431,                0.49502,                      1,                0.54146,                0.43471,                0.77938,                 2.3354,                 1.2331,             0.00029102,             0.00029102,             0.00029102
                      5,                0.74535,                0.92294,                 1.0575,                0.84826,                0.89369,                  0.995,                0.84364,                0.71926,                 1.0689,                 1.1865,             0.00018724,             0.00018724,             0.00018724
